route_id,agency_id,route_short_name,route_long_name,route_desc,route_type,route_url,route_color,route_text_color
2975_46238,7778230,164,Sydney Parade DART Station - UCD,,3,,,
2990_40267,7778260,DK07,Monaghan (Opp St Louis Convent School) - Hoey's Lane (DKIT),,3,,,
2991_37732,7778227,930,"Swanlinbar, Swanlinbar - Cavan General Hospital",,3,,,
3001_36302,7778068,290A,"Tralee, Tesco, The Square - Tralee, Tesco, The Square",,3,,,
3001_36303,7778068,290B,"Tralee, Tesco, The Square - Tralee, Tesco, The Square",,3,,,
3015_37967,7778101,191,"Stadalt Cross, Mountain View - Dublin, Marlborough Street",,3,,,
3017_40327,7778265,VI02,"Granard, Mackens Service Station - Cavan Institute",,3,,,
3023_40285,7778363,MB01,"Ballymore, Ballymore Westmeath - Moate, Moate Business School",,3,,,
3024_40325,7778245,UM07,Scout's Den - College,,3,,,
3025_36297,7778046,325,"County Limerick, Ballyshonikin - Charleville, Charleville",,3,,,
3025_36298,7778046,327,"Tankardstown Cemetery - Supervalu, Sarsfield Street",,3,,,
3026_40268,7778268,DK01,"Dunshaughlin (Euromart Shop) - Dundalk, DkIT Dublin Road",,3,,,
3026_40269,7778268,DK02,"Moynalty, Moynalty - Dundalk, DkIT Dublin Road",,3,,,
3026_40270,7778268,DK03,"Market Square Navan - Dundalk, DkIT Dublin Road",,3,,,
3026_40271,7778268,DK04,"Bailieborough, Tesco - Dundalk, DkIT Dublin Road",,3,,,
3029_35241,7778225,741,"Dublin Airport - Swords, Premier Inn",,3,,,
3031_37707,7778084,231,Ardgroom - Parnell Place (Opp Car Park),,3,,,
3035_37724,7778070,842,"Ballymahon, Ballymahon - Merrion Square, Holles Street",,3,,,
3038_40309,7778247,UC05,"The Mall (Waterford House of Crystal) - Bishopstown, CIT Campus",,3,,,
3038_40323,7778247,UM15,"Carrick-on-Suir, Carrick On Suir Greenside - University Campus",,3,,,
3038_40330,7778247,WI05,"Carrigeen Business Park, Cuirt An Rí - Parnell Street (WCFE)",,3,,,
3045_37723,7778083,835,"Tullamore, Tullamore Retail Park - Tullamore, Tullamore Retail Park",,3,,,
3048_36873,7778062,829,Laois Shopping Centre - Tullamore Hospital,,3,,,
3048_36874,7778062,830,"Portlaoise, Kilminchy (Laurel Court) - Tullamore Hospital",,3,,,
3048_36875,7778062,831,Borris in Ossory - Laois Shopping Centre,,3,,,
3048_36876,7778062,832,"Errill, Errill Square - Kilminchy Avenue",,3,,,
3048_36877,7778062,837,"Tullamore (Offaly), Opposite Train Station - Lough Sheever Corporate Park, Longford Road",,3,,,
3048_36878,7778062,838,"Kilkenny, Market Yard - Market Street Mountmellick",,3,,,
3064_41295,7778371,809,Galway City  - Glásan Student Village,,3,,,
3082_36320,7778060,824,Market Street Mountmellick - Dublin (UCD Stillorgan Rd Flyover),,3,,,
3083_40284,7778060,IW08,"Market Street Mountmellick - Carlow, Carlow Institute of Further Education",,3,,,
3089_40266,7778270,DF01,Carlingford (Opp Tourist Office) - Drogheda (Institute of Further Education),,3,,,
3089_40301,7778270,OF01,"Chapel Hill (Louth), Clos na Manach Estate - Hoey's Lane (DKIT)",,3,,,
3092_37743,7778105,AI02,"Casey's Filling Station - Fardrum, Athlone A I T",,3,,,
3093_36932,7778191,961,"Paddy Og's Pub, Crolly - Letterkenny, Dunnes Stores Letterkenny",,3,,,
3093_36933,7778191,963,"Gortlee, Tesco Shopping Centre - Gortlee, Tesco Shopping Centre",,3,,,
3094_40326,7778254,UM08,"Dundrum, Upper Churchtown Road (Notre Dame School) - University Campus",,3,,,
3099_36628,7778056,436,Circular Road Ballina - Main Street,,3,,,
3099_36629,7778056,452,Glenamoy - Glenamoy,,3,,,
3099_36630,7778056,496,Glenamoy - Circular Road Ballina,,3,,,
3099_36631,7778056,497,Glenamoy - Glenamoy,,3,,,
3099_36633,7778056,499,Glenamoy - Circular Road Ballina,,3,,,
3099_46236,7778056,498,Glenamoy - Stephen Garvey Way Castlebar,,3,,,
3102_36215,7778189,881,"Graiguenamanagh, Graiguenamanagh - Kilkenny Castle",,3,,,
3102_36216,7778189,882,"New Ross (The Quay) - Kilkenny, Ormond Road",,3,,,
3108_46283,7778054,991,Killybegs - Letterkenny,,3,,,
3111_37719,7778308,663,"Tallow - Abbeyside (Waterford), Minnies Lough Bar",,3,,,
3113_32198,7778347,DK05,"Cabra (Cavan), Forest Park - Dundalk I.T (Main Gate)",,3,,,
3114_37728,7778231,869,"Parkwest, Park West Station - Greenoge, Greenoge",,3,,,
3118_37716,7778304,437,Tourmakeady Post Office - Heatons Castlebar,,3,,,
3124_37715,7778081,433,The Square Roscommon - Galway Cathedral,,3,,,
3126_40314,7778247,UL18,"Coolagh (Waterford), Maxol Service Station - Carrigeen Business Park, Cuirt An Rí",,3,,,
3135_46286,7778266,VI04,"Cross Keys - Cavan, Breffni College",,3,,,
3146_36257,7778052,965,Meenlaragh Teach Dixon - Letterkenny Library,,3,,,
3147_37730,7778086,886,"Monamolin - Gorey, Rafter Street",,3,,,
3159_40283,7778082,IW01,"Loughboy - Carlow, Institute of Technology Carlow",,3,,,
3159_40329,7778082,WI01,Shandon Park - Institute of Technology Waterford,,3,,,
3160_36546,7778151,428,"Tuam, Bishop Street Cathedral - Eyre Square Galway",,3,,,
3160_45984,7778151,427,Dunmore - Eyre Square Galway,,3,,,
3160_45985,7778151,435,Ballinrobe - Eyre Square Galway,,3,,,
3161_37744,7778102,ATH1,Athlone (Golden Island SC) - Athlone (Golden Island SC),,3,,,
3162_40311,7778262,UL04,Clarecastle (Doab Butchers Main St) - Stables University of Limerick,,3,,,
3163_40123,7778077,951,"Cockhill Road - Letterkenny, Mr. Chippy Chip Shop",,3,,,
3163_40131,7778077,976,"Ballymagan, Saint Mary's Church - Bridgend",,3,,,
3164_37717,7778092,449,"Keane's Tile Shop - Sligo, Ash Lane Sligo",,3,,,
3167_40260,7778230,511,"Rathgar, Dartry Road - Ardilea, Mount Anville School",,3,,,
3168_40273,7778092,GM11,"High Street Drumshanbo - Monivee (Galway City), ATU Galway City",,3,,,
3168_40276,7778092,GM10,"Keane's Tile Shop - Carrick-on-Shannon, Carrick On Shannon Coffee Shop",,3,,,
3168_40295,7778092,NG05,Keane's Tile Shop - Wellpark,,3,,,
3173_37710,7778090,309,"Kilduff - Glentworth, William Street",,3,,,
3174_36931,7778030,593,Ballyneety - Newcastle West,,3,,,
3177_40317,7778246,UL05,"University of Limerick, University Of Limerick - Westport",,3,,,
3179_37738,7778246,968,"Knockcroghery (Mayo), Church of the Holy Rosary - Castlecourt Hotel Westport",,3,,,
3179_37739,7778246,970,"Breaffy House Resort, Breaffy House Resort - Stephen Garvey Way Castlebar",,3,,,
3183_40446,7778048,UM02,"Birr, Birr Square - Maynooth, Straffan Road",,3,,,
3186_37749,7778206,SL11,"Ballina (Dunnes Stores) - Sligo, ATU Sligo",,3,,,
3187_40294,7778206,NG01,"NUIG - Ballina, Ballina Bus Station",,3,,,
3229_40280,7778223,IW02,Curragh (Opp Post Office) - Carlow IT (Opp Main Entrance),,3,,,
3236_40265,7778238,BR01,"Gorey, Main Street - Bray (Wicklow), Bray Institute",,3,,,
3241_40577,7778223,871,"Main Street Urlingford (Post Office) - Kilkenny, Ormond Road",,3,,,
3275_37963,7778036,836,"Dublin, Millennium Spire - Corduff (Fingal), Cruiserath Road",,3,,,
3275_46124,7778036,787,"Ballymun, Travelodge Hotel - Dublin Airport",,3,,,
3275_47272,7778036,870,O'Connell Street Upper - Damastown IBM,,3,,,
3290_36295,7778198,932,Crolly - Tourist Information O'Connell Street,,3,,,
3290_36296,7778198,933,Main Street Moville - Tourist Information O'Connell Street,,3,,,
3302_40264,7778269,BI01,TU Dublin Shuttle Bus,,3,,,
3365_48661,7778093,974,"Glen - Letterkenny, Pearse Road Letterkenny",,3,,,
3420_36440,7778153,980A,"Carrickmacross (Paddy Power) - Trinity College, Northern Ireland Tourist Board",,3,,,
3420_36441,7778153,980B,"Carrickmacross (Paddy Power) - Dublin, Wynn's Hotel",,3,,,
3420_46237,7778153,980,"Wynn's Hotel, Dublin - Main Street, Ballybay",,3,,,
3440_40282,7778044,IW04,"Carlow, Institute of Technology Carlow - Market Street Mountmellick",,3,,,
3440_40286,7778044,UM12,Naas (Post Office) - University Campus,,3,,,
3440_40287,7778044,UM14,Laois Shopping Centre - University Campus,,3,,,
3440_40288,7778044,NG03,"Galway Cathedral - Carlow, Carlow Coach Park",,3,,,
3440_40299,7778044,UM06,Athy (C Bar Leinster Street) - University Campus,,3,,,
3460_50124,7778044,IW06,Abbeyleix - Carlow,,3,,,
3502_36461,7778155,310,"Sarsfield St (Debenhams) - National Technology Park, Plassey PK Rd (Vistakon Ireland)",,3,,,
3502_36463,7778155,726,Laois Shopping Centre - Dublin Airport,,3,,,
3502_36465,7778155,816,Market Square Portarlington - Kildare Village,,3,,,
3502_51295,7778155,600,Cork City - Dublin City,,3,,,
3507_36313,7778040,143,"Bray, Southern Cross Road (Killarney Road) - Sandyford, Blackthorn Avenue at LUAS Station",,3,,,
3507_36314,7778040,144,"Bray, Southern Cross Road (Killarney Road) - Outside Train Station",,3,,,
3507_51298,7778040,984N,"Clerys - Kilcoole, Kilcoole",,3,,,
3511_51301,7778082,IW07,"Gorey, Main Street - Carlow, Carlow College",,3,,,
3516_40344,7778107,315,"Limerick, Limerick Arthur's Quay - Objekt Design",,3,,,
3516_51255,7778107,722,Killarney - Dublin Airport,,3,,,
3551_53599,7778157,964,Galway - Donegal,,3,,,
3579_53763,7778256,SI03,Belmullet - Sligo,,3,,,
3579_53764,7778256,NG11,Belmullet - Galway,,3,,,
3586_36460,7778155,300,"Dunnes, Friars Walk - Dublin, Arlington Hotel",,3,,,
3586_36464,7778155,750,"Dundrum, Outside Luas Station - Dublin Airport",,3,,,
3591_54152,7778364,DY01,Kells - Dunboyne College of Further Education,,3,,,
3592_37748,7778099,KY03,"Killarney, Gleneagle Hotel - Killarney, Gleneagle Hotel",,3,,,
3614_54641,7778259,SL10,"The Gateway, ATU Sligo (N16 Entrance) - Cavan, Cavan Bus Station",,3,,,
3616_54282,7778229,180,Clones - Dublin (Belfield),,3,,,
3677_56123,7778032,945,Rossport - Belmullet,,3,,,
3677_56125,7778032,947,Rossport - Belmullet,,3,,,
3677_56343,7778032,946,Rossport - Belmullet,,3,,,
3686_37974,7778080,250,"Cobh, Post Office - Ballydulea, Bayview Estate",,3,,,
3686_51296,7778080,211,"Cobh, O'Neill Place - Inchera, Hoffman Park",,3,,,
3686_51707,7778080,200,Cobh - Cork City,,3,,,
3686_56643,7778080,210,"Hollyhill (Apple) - Castleview, Little Island",,3,,,
3691_56637,7778228,879,Gorey - Gorey via Ballycanew,,3,,,
3696_56705,7778094,181,Glendalough Visitor Centre - Dawson Street (Pink Shirt Shop),,3,,,
3707_23507,7778036,860,"Temple Bar, Aston Quay - Parkwest, Park West Avenue",,3,,,
3719_37706,7778098,230,"Cork, St. Patricks Quay - Skibbereen (Bridge St Cahalanes)",,3,,,
3719_51299,7778098,229,Bantry - Cork City,,3,,,
3719_53678,7778098,228,Kinsale - Cork City,,3,,,
3723_40324,7778239,UM04,Crescent Quay - College,,3,,,
3731_40662,7778044,627,"Ballygunner Waterford - Waterford, Clock Tower The Quay",,3,,,
3731_40664,7778044,736,Dublin Airport - WIT (Opp Main Entrance),,3,,,
3731_46122,7778044,607,Ardkeen Tesco - Abbey Park,,3,,,
3731_46123,7778044,617,Ballygunner Waterford - Slieverue Ferrybank,,3,,,
3731_47930,7778044,735,Limerick - Dublin Airport,,3,,,
3731_54113,7778044,139,"Corduff (Fingal), TU Dublin Blanchardstown - Naas General Hospital",,3,,,
3731_56710,7778044,874,"Hacketstown, Hacketstown - Carlow, Carlow Coach Park",,3,,,
3731_57534,7778044,717,Clonmel - Army Brks - Dublin Airport,,3,,,
3740_57857,7778309,525,Galway City - Rossaveel,,3,,,
3745_58423,7778008,W1,Clock Tower - Ballybeg,,3,,,
3745_58424,7778008,W3,Clock Tower - Meagher's Quay,,3,,,
3745_58425,7778008,W2,Clock Tower - WIT - Meagher's Quay,,3,,,
3745_58426,7778008,W4,Peter Street - Brownes Road,,3,,,
3745_58427,7778008,W5,Hospital - Oakwood,,3,,,
3746_36316,7778038,441,"Raftery's Pub, Corofin, Co. Galway - Tuam, Bishop Street Cathedral",,3,,,
3746_36319,7778038,527,"Kilcurriff - Tourist Office, Seapoint Promenade",,3,,,
3746_46100,7778038,484,Kilcurriff - Kilcurriff,,3,,,
3746_56715,7778038,488,Kilcurriff - Kilcurriff,,3,,,
3756_56711,7778306,197,"Airside Ind. Estate, stop 7210 - Ashbourne Retail Pk, stop 101001",,3,,,
3757_36139,7778058,872,Ballyvaldon - Kilmuckridge,,3,,,
3757_36140,7778058,875,Blackwater - Clonard Village Wexford,,3,,,
3760_37746,7778100,KL01,Smithfield - Keelings Retail UC,,3,,,
3760_37747,7778100,KL02,"Briarleas, Mosney Village Car Park - Dunbro, Keelings Retail",,3,,,
3760_46239,7778100,KL03,Santry - Keelings Retail UC,,3,,,
3778_48886,7778014,Green,Parnell - Brides Glen,,0,,,
3778_48887,7778014,Red,The Point - Tallaght,,0,,,
3799_40658,7778193,WX1,"Wexford, Redmond Square - Wexford, Redmond Square",,3,,,
3799_40659,7778193,WX2,"Wexford, Redmond Square - Wexford, Redmond Square",,3,,,
3799_50536,7778193,390,"Wexford, Redmond Square - Kilmore Quay",,3,,,
3799_54900,7778193,740X,"Wexford, Redmond Square - Dublin Airport",,3,,,
3799_56706,7778193,340,"Wexford, Redmond Square - County Waterford, Whitfield Clinic",,3,,,
3799_56707,7778193,376,"Wexford, Redmond Square - Wexford, Redmond Square",,3,,,
3799_56708,7778193,877,"Wexford, Redmond Square - Wexford, Redmond Square",,3,,,
3799_59362,7778193,740,"Wexford, Redmond Square - Dublin Airport",,3,,,
3799_59366,7778193,740A,Gorey (Main St - Whitmore Jewellers) - Dublin Airport,,3,,,
3812_59725,7778352,853,"Tolka Quay, Irish Ferries Terminal - Dublin City South, Georges Quay",,3,,,
3826_51300,7778193,UM11,Gorey - Wicklow - Maynooth,,3,,,
3834_40297,7778255,UM03,Hill Street Dundalk - University Campus,,3,,,
3834_40300,7778255,UM09,Athboy (Opp Darnley Lodge) - University Campus,,3,,,
3834_40321,7778255,UM10,Carrickmacross (Paddy Power) - College,,3,,,
3834_60581,7778255,GM13,Monaghan - Galway,,3,,,
3834_60582,7778255,UM05,Cavan - Maynooth University,,3,,,
3855_36278,7778042,169,Main Street - St Patricks Cathedral Dundalk,,3,,,
3855_36279,7778042,916,St Patricks Cathedral Dundalk - St Patricks Cathedral Dundalk,,3,,,
3855_36281,7778042,918,St Patricks Cathedral Dundalk - Willow Grove,,3,,,
3855_61429,7778042,917,Dundalk - Dundalk,,3,,,
3863_49809,7778348,AI05,Edenderry - Athlone,,3,,,
3879_61908,7778075,920,Galway - Loughrea,,3,,,
3886_61922,7778002,31n,"Dublin City South, D'Olier Street - Howth, Outside Train Station",,3,,,
3886_61923,7778002,84n,"Dublin City South, D'Olier Street - Charlesland Road (Seaborne View Apts)",,3,,,
3886_61924,7778002,70n,Westmoreland Street - Tyrrelstown,,3,,,
3886_61925,7778002,88n,"Dublin City South, Westmoreland Street - Ashbourne, Ashbourne Kelly's",,3,,,
3886_61926,7778002,46n,"Dublin City South, D'Olier Street - Dundrum, Outside Luas Station",,3,,,
3886_61927,7778002,7n,"Dublin City South, D'Olier Street - Dún Laoghaire-Rathdown, Woodbrook Golf Club",,3,,,
3886_61928,7778002,33n,Westmoreland Street - Balbriggan,,3,,,
3886_61929,7778002,69n,"Dublin City South, Westmoreland Street - Saggart, Citywest Golf Club",,3,,,
3886_61930,7778002,42n,"Dublin City South, D'Olier Street - Portmarnock, Strand Road (St.Anne's Estate)",,3,,,
3886_61931,7778002,49n,D'Olier Street - Kilnamanagh,,3,,,
3886_61932,7778002,77n,D'Olier Street - Citywest,,3,,,
3886_61933,7778002,29n,"Dublin City South, D'Olier Street - Baldoyle, Warrenhouse Road",,3,,,
3896_40306,7778244,TT02,"Killerisk, Manor West - Tralee, Tralee Institute Of Technology",,3,,,
3908_51302,7778108,785,Belfast - Dublin,,3,,,
3908_61271,7778108,782,Dublin Airport - Dublin City,,3,,,
3908_61272,7778108,784,"Dublin Airport - Dublin City, Charlotte Way",,3,,,
3912_62548,7778097,975,Cavan Institute - Longford,,3,,,
3916_40490,7778048,844,"Birr (Post Office Emmett Square) - Galway, Merchants Road Galway",,3,,,
3916_40492,7778048,847,"Portumna, Portumna - Dublin, Cathal Brugha Street",,3,,,
3916_53725,7778048,843,"Birr, Birr Square - Tullamore Hospital",,3,,,
3916_62551,7778048,845,Birr - Dublin,,3,,,
3931_59637,7778021,59,Dun Laoghaire - Killiney Hill Park,,3,,,
3931_59638,7778021,63,Kilternan - Dún Laoghaire,,3,,,
3931_59639,7778021,102,Dublin Airport - Sutton DART,,3,,,
3931_59640,7778021,104,Clontarf Station - DCU (The Helix),,3,,,
3931_59641,7778021,111,Brides Glen - Kilbogget Pk,,3,,,
3931_59642,7778021,114,Ticknock - Blackrock,,3,,,
3931_59643,7778021,161,Rockbrook - Dundrum,,3,,,
3931_59644,7778021,184,Newtownmountkennedy - Greystones - Bray,,3,,,
3931_59645,7778021,185,Powerscourt - Bray,,3,,,
3931_59646,7778021,220,DCU (The Helix) - Lady's Well Road,,3,,,
3931_59647,7778021,236,Blanchardstown - IBM Campus,,3,,,
3931_59648,7778021,238,Tyrrelstown - Mulhuddart,,3,,,
3931_59649,7778021,270,Dunboyne - Blanchardstown,,3,,,
3931_59650,7778021,33A,Dublin Airport - Balbriggan,,3,,,
3931_59651,7778021,33B,Swords - Portrane,,3,,,
3931_59652,7778021,33T,Skerries - Donabate,,3,,,
3931_59653,7778021,45A,Kilmacanogue - Dun Laoghaire,,3,,,
3931_59654,7778021,45B,Kilmacanogue - Dun Laoghaire,,3,,,
3931_59655,7778021,N6,Finglas Village - Naomh Barróg GAA,,3,,,
3931_59656,7778021,S4,Liffey Valley - UCD,,3,,,
3931_59657,7778021,S6,The Square - Blackrock Station,,3,,,
3931_59658,7778021,S8,Kingswood Avenue - Dun Laoghaire Stn,,3,,,
3931_59659,7778021,W2,The Square - Liffey Valley SC,,3,,,
3931_59660,7778021,W4,The Square - Blanchardstown SC,,3,,,
3931_59661,7778021,63A,Kilternan - Dún Laoghaire,,3,,,
3931_59662,7778021,L51,Liffey Valley SC - Adamstown Station,,3,,,
3931_59663,7778021,L52,Blanchardstown SC - Adamstown Station,,3,,,
3931_59664,7778021,L55,Hollyville Lawn - Glenaulin,,3,,,
3931_59665,7778021,102A,Swords - Sutton,,3,,,
3931_59666,7778021,102C,Balgriffin - Sutton,,3,,,
3931_59667,7778021,102P,Swords - Portmarnock,,3,,,
3931_59668,7778021,102T,Swords - Sutton,,3,,,
3931_59669,7778021,185T,Enniskerry - Bray,,3,,,
3931_59670,7778021,220A,DCU (The Helix) - Lady's Well Road,,3,,,
3931_59671,7778021,220T,Collins Avenue West - Finglas Garda Stn,,3,,,
3931_59672,7778021,236A,Blanchardstown - IBM Campus,,3,,,
3931_59673,7778021,236T,Scoil Oilibheir - Tyrrelstown,,3,,,
3931_59674,7778021,270T,Castaheany Estate - Castleknock Community College,,3,,,
3931_59675,7778021,W61,Hazelhatch Station - Maynooth,,3,,,
3931_59676,7778021,W62,The Square - Newcastle,,3,,,
3932_40670,7778024,702,Dublin Airport - Greystones,,3,,,
3932_40674,7778024,706x,Galway - Athlone - Dublin Airport,,3,,,
3932_40675,7778024,706,Galway - Athlone - Dublin Airport,,3,,,
3932_51944,7778024,703,Dublin Airport - Killiney,,3,,,
3932_57536,7778024,700,Dublin Airport - Leopardstown,,3,,,
3932_62744,7778024,704x,Cork - Dublin - Dublin Airport,,3,,,
3936_35218,7778196,901D,Marshes Shopping Centre - The Helix,,3,,,
3936_35219,7778196,901M,"Monasterboice (Monasterboice Inn) - Trinity College, South Frederick's Street",,3,,,
3936_35221,7778196,904,"Marshes Shopping Centre - Belfield, Campus",,3,,,
3936_52181,7778196,912,Grange Rath - Dublin City,,3,,,
3936_56714,7778196,910,Grange Rath - Dublin City,,3,,,
3936_61425,7778196,901,Dundalk - Dublin,,3,,,
3936_62747,7778196,900,Dundalk - Dublin,,3,,,
3941_62982,7778019,4,Monkstown Avenue - Harristown,,3,,,
3941_62983,7778019,6,Howth Dart Stn - Lower Abbey Street,,3,,,
3941_62984,7778019,11,Sandyford Ind Estate - Wadelai Pk,,3,,,
3941_62985,7778019,13,Grange Castle - Harristown,,3,,,
3941_62986,7778019,14,Dundrum Luas Stn - Ardlea Rd (Beaumont),,3,,,
3941_62987,7778019,15,Ballycullen Road - Clongriffin,,3,,,
3941_62988,7778019,16,Ballinteer - Dublin Airport,,3,,,
3941_62989,7778019,16D,Airport - Beaumont Village - Ballinteer not,,3,,,
3941_62990,7778019,L53,Liffey Valley - Adamstown Stn,,3,,,
3941_62991,7778019,26,Fonthill Rd (Liffey Valley) - Merrion Square,,3,,,
3941_62992,7778019,27,Jobstown - Clare Hall,,3,,,
3941_62993,7778019,27X,Clare Hall - UCD Belfield,,3,,,
3941_62994,7778019,77X,Citywest – UCD Belfield,,3,,,
3941_62995,7778019,32X,UCD Belfield - Malahide,,3,,,
3941_62996,7778019,33,Balbriggan - Lower Abbey St,,3,,,
3941_62997,7778019,33X,Skerries - Custom House Quay / St Stephen Green,,3,,,
3941_62998,7778019,33D,Portrane - St Stephens Green,,3,,,
3941_62999,7778019,33E,Lwr Abbey St - Portrane - Skerries,,3,,,
3941_63000,7778019,37,Blanchardstown Shopping Centre - Wilton Terrace,,3,,,
3941_63001,7778019,38,Damastown - Burlington Road,,3,,,
3941_63002,7778019,38A,Damastown via Navan Rd - Burlington Rd,,3,,,
3941_63003,7778019,38B,Damastown via Ballycoolin Ind Est - Burlington Rd,,3,,,
3941_63004,7778019,70,Dunboyne - Burlington Rd,,3,,,
3941_63005,7778019,38D,IBM Damastown via N3 - Burlington Rd,,3,,,
3941_63006,7778019,70D,Dunboyne - DCU,,3,,,
3941_63007,7778019,39X,Ongar - Burlington Road,,3,,,
3941_63008,7778019,39,Ongar - Burlington Rd,,3,,,
3941_63009,7778019,39A,Ongar - UCD Belfield,,3,,,
3941_63010,7778019,40,Charlestown Shopping Centre - Earlsfort Terrace,,3,,,
3941_63011,7778019,40B,Toberburr - Parnel Street,,3,,,
3941_63012,7778019,40E,Broombridge Luas - Tyrrelstown,,3,,,
3941_63013,7778019,40D,Tyrrelstown - Parnell Street,,3,,,
3941_63014,7778019,41,Swords Manor - Lower Abbey Street,,3,,,
3941_63015,7778019,41D,Swords Business Park - Lwr Abbey St,,3,,,
3941_63016,7778019,41B,Rolestown - Lower Abbey Street,,3,,,
3941_63017,7778019,41C,Swords Manor Via River Valley - Lower Abbey St,,3,,,
3941_63018,7778019,41X,Swords - UCD Belfield,,3,,,
3941_63019,7778019,42,Sand's Hotel Portmarnock - Eden Quay,,3,,,
3941_63020,7778019,43,Talbot Street – Swords Business Park,,3,,,
3941_63021,7778019,44D,Dundrum - OCS,,3,,,
3941_63022,7778019,44,Enniskerry - DCU,,3,,,
3941_63023,7778019,44B,Glencullen - Dundrum Luas,,3,,,
3941_63024,7778019,46A,Dun Laoghaire - Phoenix Park,,3,,,
3941_63025,7778019,46E,Mountjoy Square - Blackrock Station,,3,,,
3941_63026,7778019,7,Brides Glen Luas - Mountjoy Square,,3,,,
3941_63027,7778019,7A,Loughlinstown - Mountjoy Sq,,3,,,
3941_63028,7778019,7B,Shankhill - Mountjoy Square,,3,,,
3941_63029,7778019,7D,Dalkey - Mountjoy Square,,3,,,
3941_63030,7778019,7E,Mountjoy Square - Dalkey,,3,,,
3941_63031,7778019,47,Poolbeg Street – Belarmine,,3,,,
3941_63032,7778019,49,Tallaght (The Square) - Pearse St,,3,,,
3941_63033,7778019,51D,Aston Quay – Clondalkin,,3,,,
3941_63034,7778019,52,Intel - Ringsend,,3,,,
3941_63035,7778019,27A,Blunden Drive - Eden Quay,,3,,,
3941_63036,7778019,53,Dublin Ferryport - Talbot St,,3,,,
3941_63037,7778019,54A,Ellensborough - Pearse St,,3,,,
3941_63038,7778019,56A,Tallaght - Ringsend Rd,,3,,,
3941_63039,7778019,60,Forbes Street - Tallaght,,3,,,
3941_63040,7778019,65B,Poolbeg Street – Citywest,,3,,,
3941_63041,7778019,65,Poolbeg Street – Blessington/Ballymore,,3,,,
3941_63042,7778019,69,Rathcoole - Hawkins St,,3,,,
3941_63043,7778019,69X,Rathcoole - Hawkins St,,3,,,
3941_63044,7778019,68,Newcastle / Greenogue Business Pk - Hawkins St,,3,,,
3941_63045,7778019,68A,Hawkins Street – Bulfin Road,,3,,,
3941_63046,7778019,74,Dundrum Luas - Eden Quay,,3,,,
3941_63047,7778019,77A,Citywest - Ringsend,,3,,,
3941_63048,7778019,83,Kimmage - Harristown,,3,,,
3941_63049,7778019,83A,Stannaway Ave - Harristown Bus Garage,,3,,,
3941_63050,7778019,84A,Bray Rail Station - Blackrock,,3,,,
3941_63051,7778019,84,Newcastle - Blackrock,,3,,,
3941_63052,7778019,99,Phoenix Park - Phoenix Park,,3,,,
3941_63053,7778019,116,Whitechurch - Parnell Square,,3,,,
3941_63054,7778019,118,Kilternan – Eden Quay,,3,,,
3941_63055,7778019,120,Ashtown Station - Parnell St,,3,,,
3941_63056,7778019,9,Limekiln Avenue - Charlestown,,3,,,
3941_63057,7778019,122,Drimnagh - Ashington,,3,,,
3941_63058,7778019,123,Marino - Walinstown (Kilnamanagh Rd),,3,,,
3941_63059,7778019,130,Talbot Street – Castle Avenue,,3,,,
3941_63060,7778019,140,Palmerstown Park – Ballymun (Ikea),,3,,,
3941_63061,7778019,1,Sandymount - O'Connell Street - Santry,,3,,,
3941_63062,7778019,142,Portmarnock - UCD (Belfield),,3,,,
3941_63063,7778019,84X,Hawkins Street – Newcastle / Kilcoole,,3,,,
3941_63064,7778019,145,Heuston Rail Station - Ballywaltrim,,3,,,
3941_63065,7778019,150,Rossmore - Hawkins Street,,3,,,
3941_63066,7778019,151,Foxborough (Balgaddy Rd) - Docklands (East Rd),,3,,,
3941_63067,7778019,155,Bray - IKEA Ballymun,,3,,,
3941_63068,7778019,P29,Adamstown Stn - Ringsend,,3,,,
3941_63069,7778019,X25,Maynooth - Easton Rd - UCD,,3,,,
3941_63070,7778019,X26,Maynooth – Louisa Bridge – Leeson Street Lower,,3,,,
3941_63071,7778019,X27,Salesian College - Aghards Rd - UCD,,3,,,
3941_63072,7778019,X28,Salesian College - Celbridge Main St - UCD,,3,,,
3941_63073,7778019,X30,Dodsboro - UCD,,3,,,
3941_63074,7778019,X31,River Forest - Earlsfort Terrace,,3,,,
3941_63075,7778019,X32,Leixlip - Earlsfort Terrace,,3,,,
3941_63076,7778019,C1,Adamstown Stn - Sandymount,,3,,,
3941_63077,7778019,C2,Adamstown Stn - Sandymount,,3,,,
3941_63078,7778019,C3,Maynooth - Ringsend,,3,,,
3941_63079,7778019,C4,Maynooth - Ringsend,,3,,,
3941_63080,7778019,C6,Maynooth - Celbridge - Ringsend Night Service,,3,,,
3941_63081,7778019,C5,Maynooth - Ringsend Night Service,,3,,,
3941_63082,7778019,G1,Red Cow LUAS - Spencer Dock,,3,,,
3941_63083,7778019,G2,Liffey Valley SC - Spencer Dock,,3,,,
3941_63084,7778019,H1,Baldoyle - Lower Abbey Street,,3,,,
3941_63085,7778019,H2,Malahide - Lower Abbey Street,,3,,,
3941_63086,7778019,H3,Howth Summit - Lower Abbey Street,,3,,,
3941_63087,7778019,N4,Blanchardstown - Point Village,,3,,,
3941_63088,7778019,S2,Sean Moore Road - Heuston Station,,3,,,
3941_63089,7778019,15B,Merrion Square – Stocking Avenue,,3,,,
3941_63090,7778019,15D,Merrion Square - Whitechurch,,3,,,
3941_63091,7778019,15A,Merrion Square – Limekiln Avenue,,3,,,
3941_63092,7778019,27B,Eden Quay – Harristown,,3,,,
3941_63093,7778019,42D,Portmarnock - DCU,,3,,,
3941_63094,7778019,L25,Dun Laoghaire - Dundrum Town Centre,,3,,,
3941_63095,7778019,L54,River Forest - Red Cow Luas,,3,,,
3941_63096,7778019,L58,River Forest - Castletown - Hazelhatch Stn,,3,,,
3941_63097,7778019,L59,River Forest - Celbridge - Hazelhatch,,3,,,
3946_63134,7778006,120,Dublin - Edenderry,,3,,,
3946_63135,7778006,125,UCD - Newbridge,,3,,,
3946_63136,7778006,126,Dublin - Rathangan,,3,,,
3946_63137,7778006,130,Dublin - Athy,,3,,,
3946_63138,7778006,120A,Dublin - Edenderry,,3,,,
3946_63139,7778006,120B,Dublin - Newbridge,,3,,,
3946_63140,7778006,120C,Enfield - Tullamore,,3,,,
3946_63141,7778006,120D,Enfield - Tullamore,,3,,,
3946_63142,7778006,120E,Dublin - Edenderry,,3,,,
3946_63143,7778006,120F,Connolly Station - Newbridge Centre,,3,,,
3946_63144,7778006,120X,Dublin - Edenderry,,3,,,
3946_63145,7778006,126A,Dublin - Kildare,,3,,,
3946_63146,7778006,126B,Dublin - Rathangan,,3,,,
3946_63147,7778006,126D,Dublin - Kildare,,3,,,
3946_63148,7778006,126E,Dublin - Kildare,,3,,,
3946_63149,7778006,126T,Dublin - Kildare,,3,,,
3946_63150,7778006,126U,Dublin UCD - Kildare,,3,,,
3946_63151,7778006,126N,Dublin - Newbridge,,3,,,
3946_63152,7778006,126X,Dublin - Rathangan,,3,,,
3946_63153,7778006,130A,Dublin - Athy,,3,,,
3950_62750,7778020,2,Dublin Airport - Gorey - Wexford,,3,,,
3950_62751,7778020,4,Dublin Airport – Waterford,,3,,,
3950_62752,7778020,13,Limerick – Adare - Listowel – Tralee,,3,,,
3950_62753,7778020,14,Limerick - Kerry Airport – Killarney,,3,,,
3950_62754,7778020,22,Dublin - Airport - Longford - Ballina,,3,,,
3950_62755,7778020,23,Dublin - Airport - Longford - Sligo,,3,,,
3950_62756,7778020,30,Dublin - Airport - Cavan - Donegal,,3,,,
3950_62757,7778020,32,Dublin Airport - Monaghan - Letterkenny,,3,,,
3950_62758,7778020,40,Tralee - Cork - Waterford - Rosslare,,3,,,
3950_62759,7778020,51,Cork - Limerick - Galway,,3,,,
3950_62760,7778020,52,Ballina - Castlebar - Galway,,3,,,
3950_62761,7778020,55,Limerick - Waterford,,3,,,
3950_62762,7778020,64,Galway Bus Station - Derry (Magee Campus Strand Road),,3,,,
3950_62763,7778020,65,Galway - Athlone - Monaghan,,3,,,
3950_62764,7778020,70,Galway - Mullingar - Dundalk,,3,,,
3950_62765,7778020,72,Limerick - Birr - Athlone,,3,,,
3950_62766,7778020,73,Waterford - Athlone - Longford,,3,,,
3950_62767,7778020,100,Drogheda - Dundalk - Newry,,3,,,
3950_62768,7778020,101,Dublin - Airport - Drogheda,,3,,,
3950_62769,7778020,103,Dublin - Ashbourne - Ratoath,,3,,,
3950_62770,7778020,B1,Rail Station - Millfield Centre,,3,,,
3950_62771,7778020,105,Blanchardstown - Ashbourne - Ashbourne - Drogheda,,3,,,
3950_62772,7778020,107,Dublin - Navan - Nobber - Kingscourt,,3,,,
3950_62773,7778020,108,Dublin - Kells - Bailieboro,,3,,,
3950_62774,7778020,109,Dublin - Navan - Kells - Cavan,,3,,,
3950_62775,7778020,111,Wilton Tce - Trim - Granard - Cavan,,3,,,
3950_62776,7778020,115,Dublin - Mullingar,,3,,,
3950_62777,7778020,131,Bray - Wicklow,,3,,,
3950_62778,7778020,132,Dublin - Carnew - Bunclody,,3,,,
3950_62779,7778020,133,Dublin - Wicklow,,3,,,
3950_62780,7778020,134,Dorey's Forge - Dunsany - Navan,,3,,,
3950_62781,7778020,135,Scurloughstown - Navan,,3,,,
3950_62782,7778020,136,Ross Cross - Navan Shopping Centre,,3,,,
3950_62783,7778020,160,Dundalk - Ravensdale - Newry,,3,,,
3950_62784,7778020,161,Dundalk - Carlingford - Newry,,3,,,
3950_62785,7778020,162,Dundalk - Monaghan - Clones - Cavan,,3,,,
3950_62786,7778020,167,Dundalk - Louth - Ardee,,3,,,
3950_62787,7778020,168,Dundalk - Annagassan,,3,,,
3950_62788,7778020,170,Cavan - Dundalk,,3,,,
3950_62789,7778020,173,Drogheda West St - Dominck St,,3,,,
3950_62790,7778020,174,Long Walk - Muirhevnamuir,,3,,,
3950_62791,7778020,175,Monaghan - Cootehill - Cavan,,3,,,
3950_62792,7778020,182,Drogheda - Collon - Ardee - Monaghan,,3,,,
3950_62793,7778020,187,Kells - Virginia - Ballyjamesduff,,3,,,
3950_62794,7778020,190,Drogheda - Navan - Trim,,3,,,
3950_62795,7778020,201,Lotabeg - Hollyhill - CIT - CUH,,3,,,
3950_62796,7778020,202,Ringmahon - City - Hollyhill (Apple),,3,,,
3950_62797,7778020,203,Lehenaghmore - City Centre - Parklands,,3,,,
3950_62798,7778020,205,Train Station - St. Patrick St - CIT,,3,,,
3950_62799,7778020,206,Grange - Douglas - South Mall,,3,,,
3950_62800,7778020,207,Donnybrook - City Centre - City Centre - Glenheights,,3,,,
3950_62801,7778020,208,Lotabeg - Bishopstown - Curraheen,,3,,,
3950_62802,7778020,209,Patrick St - Audley Place - Lotamore,,3,,,
3950_62803,7778020,212,Kent Station - Blackrock - Mahon Point,,3,,,
3950_62804,7778020,213,Lapps Quay (P&R) - Black Ash,,3,,,
3950_62805,7778020,214,Glanmire - City Centre - CUH,,3,,,
3950_62806,7778020,215,Mahon Point - Ballinlough - Cloghroe,,3,,,
3950_62807,7778020,216,Mount Oval - City - Glasheen - CUH,,3,,,
3950_62808,7778020,219,Mahon - Douglas - CUH/ CIT (South Orb),,3,,,
3950_62809,7778020,220,Ballincollig - Douglas - Carrigaline,,3,,,
3950_62810,7778020,223,Cork - Ringaskiddy - Haulbowline,,3,,,
3950_62811,7778020,225,Cork Airport - Haulbowline,,3,,,
3950_62812,7778020,226,Train Stn - Airport - Kinsale,,3,,,
3950_62813,7778020,233,Cork - Macroom,,3,,,
3950_62814,7778020,235,Cork - Rylane - Stuake,,3,,,
3950_62815,7778020,236,Cork - Bantry - Castletownbere,,3,,,
3950_62816,7778020,237,Cork - Skibereen - Goleen,,3,,,
3950_62817,7778020,239,Cork - Bandon,,3,,,
3950_62818,7778020,240,Cork - Cloyne - Ballycotton,,3,,,
3950_62819,7778020,241,Cork - Midelton - Whitegate,,3,,,
3950_62820,7778020,243,Cork - Newmarket/Doneraile/Charleville,,3,,,
3950_62821,7778020,245,Cork - Fermoy - Mitchelstown - Clonmel,,3,,,
3950_62822,7778020,248,Cork - Carrignavar/ Glenville,,3,,,
3950_62823,7778020,257,Macroom - Killarney,,3,,,
3950_62824,7778020,258,Macroom - Rylane,,3,,,
3950_62825,7778020,259,Macroom - Renaniree,,3,,,
3950_62826,7778020,260,Cork - Youghal - Ardmore,,3,,,
3950_62827,7778020,261,Cork - Midelton - Ballincurra,,3,,,
3950_62828,7778020,270,Killarney - Kenmare - Skibbereen,,3,,,
3950_62829,7778020,271,Tralee - Kerry Airport - Killarney,,3,,,
3950_62830,7778020,272,Tralee - Listowel - Tarbert,,3,,,
3950_62831,7778020,273,Tralee - Castlegregory - Cloghane,,3,,,
3950_62832,7778020,275,Tralee - Dingle,,3,,,
3950_62833,7778020,278,Tralee - Fenit,,3,,,
3950_62834,7778020,279,Killarney - Cahersiveen - Waterville,,3,,,
3950_62835,7778020,284,Killarney - Tralee,,3,,,
3950_62836,7778020,301,Westbury - Regional Hospital,,3,,,
3950_62837,7778020,302,City Centre - Caherdavin,,3,,,
3950_62838,7778020,303,O'Malley Park - City Centre - Pineview,,3,,,
3950_62839,7778020,304,UL - City Centre - Raheen,,3,,,
3950_62840,7778020,305,Lynwood Pk - City Centre - St Marys Pk,,3,,,
3950_62841,7778020,306,Brookfield - City Centre - Ballynanty,,3,,,
3950_62842,7778020,313,Limerick - Ardnacrusha,,3,,,
3950_62843,7778020,314,Limerick - Foynes - Glin - Ballybunion,,3,,,
3950_62844,7778020,320,Limerick - Charleville,,3,,,
3950_62845,7778020,321,Limerick - Rathkeale - Newcastlewest,,3,,,
3950_62846,7778020,322,Nenagh - Coolbawn - Lorrha,,3,,,
3950_62847,7778020,323,Limerick - Killaloe - Nenagh - Birr,,3,,,
3950_62848,7778020,324,Nenagh - Borrisokane - Kilbarron,,3,,,
3950_62849,7778020,328,Limerick - Mitchellstown,,3,,,
3950_62850,7778020,329,Limerick - Bruff - Kilfinane,,3,,,
3950_62851,7778020,332,Limerick - Dundrum,,3,,,
3950_62852,7778020,333,Limerick - Ennis - Corofin - Doonbeg,,3,,,
3950_62853,7778020,336,Limerick - Ennis - Kilrush - Kilkee,,3,,,
3950_62854,7778020,341,Shannon - Limerick - Cappamore,,3,,,
3950_62855,7778020,343,Limerick - Shannon Airport - Ennis,,3,,,
3950_62856,7778020,345,Limerick - Killaloe - Scariff,,3,,,
3950_62857,7778020,346,Limerick - Scarriff - Whitegate,,3,,,
3950_62858,7778020,347,Limerick - Tipperary,,3,,,
3950_62859,7778020,348,Ennis - Tulla - Scariff,,3,,,
3950_62860,7778020,349,Gort - Scariff - Feakle,,3,,,
3950_62861,7778020,350,Galway - Kinvara - Doolin - Ennis,,3,,,
3950_62862,7778020,354,Portlaw - Waterford - Dunmore East,,3,,,
3950_62863,7778020,355,Waterford - Cahir,,3,,,
3950_62864,7778020,360,Waterford - Tramore,,3,,,
3950_62865,7778020,362,Waterford - Dungarvan,,3,,,
3950_62866,7778020,365,Waterford - Thomastown,,3,,,
3950_62867,7778020,366,Waterford - Dungarvan - Lismore,,3,,,
3950_62868,7778020,370,Waterford - New Ross - Wexford,,3,,,
3950_62869,7778020,371,New Ross - Adamstown - Wexford,,3,,,
3950_62870,7778020,372,New Ross - Foulksmills - Wexford,,3,,,
3950_62871,7778020,373,New Ross - Fethard - Wexford,,3,,,
3950_62872,7778020,374,New Ross - Kilkenny,,3,,,
3950_62873,7778020,375,New Ross - Kiltealy - Enniscorthy,,3,,,
3950_62874,7778020,377,Wexford - Edermine - Enniscorthy,,3,,,
3950_62875,7778020,378,Wexford - Churchtown,,3,,,
3950_62876,7778020,379,Wexford - Curracloe - Gorey,,3,,,
3950_62877,7778020,380,Wexford - Crossabeg,,3,,,
3950_62878,7778020,381,Wexford - Blackhall,,3,,,
3950_62879,7778020,382,Adamstown - Wexford,,3,,,
3950_62880,7778020,383,Wexford - Kilmore Quay,,3,,,
3950_62881,7778020,385,Wexford - Rosslare Europort,,3,,,
3950_62882,7778020,401,Eyre Square - Salthill,,3,,,
3950_62883,7778020,402,Seacrest - Eyre Square - Merlin Park,,3,,,
3950_62884,7778020,404,Eyre Square - Newcastle,,3,,,
3950_62885,7778020,405,Rahoon - Eyre Square - Ballybane,,3,,,
3950_62886,7778020,407,Eyre Square - Bóthar an Chóiste,,3,,,
3950_62887,7778020,409,Eyre Square - Parkmore Ind. Est.,,3,,,
3950_62888,7778020,417,Galway - Corofin Cross - Tuam,,3,,,
3950_62889,7778020,419,Galway - Clifden,,3,,,
3950_62890,7778020,420,Swinford - Claremorris,,3,,,
3950_62891,7778020,421,Ballina - Pontoon - Castlebar,,3,,,
3950_62892,7778020,422,Headford - Castlebar,,3,,,
3950_62893,7778020,423,Westport - Clifden,,3,,,
3950_62894,7778020,424,Galway - Lettermullen,,3,,,
3950_62895,7778020,425,Galway - Roscommon - Longford,,3,,,
3950_62896,7778020,429,Galway - Tuam - Castlerea,,3,,,
3950_62897,7778020,434,Galway - Gort,,3,,,
3950_62898,7778020,440,Knock Airport - Westport - Dooagh,,3,,,
3950_62899,7778020,442,Charlestown - Castlebar - Westport,,3,,,
3950_62900,7778020,443,Ballina - Farragh Cross,,3,,,
3950_62901,7778020,444,Ballina - Dromore West,,3,,,
3950_62902,7778020,445,Ballina - Killala - Ballycastle,,3,,,
3950_62903,7778020,446,Ballina - Blacksod,,3,,,
3950_62904,7778020,447,Finea - Castlepollard - Mullingar,,3,,,
3950_62905,7778020,448,Shandonagh - Ballynacargy - Mullingar,,3,,,
3950_62906,7778020,450,Dooagh - Louisburgh,,3,,,
3950_62907,7778020,451,Ballina - Charlestown - Longford,,3,,,
3950_62908,7778020,454,Ballina - Laherdane - Westport,,3,,,
3950_62909,7778020,455,Ballina - Moygownagh - Crossmolina,,3,,,
3950_62910,7778020,456,Galway - Westport - Ballina,,3,,,
3950_62911,7778020,457,Castlrea - Ballintubber - Roscommon,,3,,,
3950_62912,7778020,458,Sligo - Enniscrone - Ballina,,3,,,
3950_62913,7778020,461,Sligo - Roscommon - Athlone,,3,,,
3950_62914,7778020,462,Carrigallen - Ballinamore - Sligo,,3,,,
3950_62915,7778020,463,Carrigallen - Mohill - Longford,,3,,,
3950_62916,7778020,464,Carrigallen - Eniskillen,,3,,,
3950_62917,7778020,465,Carrigallen - Cavan,,3,,,
3950_62918,7778020,466,Athlone - Longford,,3,,,
3950_62919,7778020,467,Longford - Lanesboro - Roscommon,,3,,,
3950_62920,7778020,468,Strokestown - Carrick on Shannon,,3,,,
3950_62921,7778020,469,Sligo - Drumkeeran - Longford,,3,,,
3950_62922,7778020,470,Sligo - Glenfarne - Rossinver,,3,,,
3950_62923,7778020,471,Sligo - Ballymote - Riverstown,,3,,,
3950_62924,7778020,S2,Strandhill - Rosses Point,,3,,,
3950_62925,7778020,476,Killavil - Ballymote - Tubbercurry,,3,,,
3950_62926,7778020,S1,Cartron - Sligo Town Centre - Cairns,,3,,,
3950_62927,7778020,479,Aclare - Coolaney - Sligo,,3,,,
3950_62928,7778020,480,Sligo - Donegal - Letterkenny - Derry,,3,,,
3950_62929,7778020,483,Ballyshannon - Sligo,,3,,,
3950_62930,7778020,487,Strabane - Raphoe - Letterkenny,,3,,,
3950_62931,7778020,489,Letterkenny - Carrigans - Strabane,,3,,,
3950_62932,7778020,490,Donegal - Killybegs - Glencolumbcille,,3,,,
3950_62933,7778020,491,Letterkenny - Ballybofey,,3,,,
3950_62934,7778020,492,Donegal - Glenties - Dungloe,,3,,,
3950_62935,7778020,494,Strabane - Ballybofey,,3,,,
3950_62936,7778020,495,Ballyshannon - Manorhamilton,,3,,,
3950_62937,7778020,100X,Wilton Tce - Airport - Dundalk,,3,,,
3950_62938,7778020,109A,DCU - Airport - Ratoath - Navan,,3,,,
3950_62939,7778020,115C,Enfield - Killucan - Mullingar,,3,,,
3950_62940,7778020,174A,Long Walk - Fatima,,3,,,
3950_62941,7778020,174B,Long Walk - Bay Estate,,3,,,
3950_62942,7778020,175A,Cavan - Clones - Monaghan,,3,,,
3950_62943,7778020,182A,Drogheda - Hospital - Ardee,,3,,,
3950_62944,7778020,N1,Commons Road - Metges Road,,3,,,
3950_62945,7778020,N2,Aisling Place - Commons Road,,3,,,
3950_62946,7778020,D4,Southgate SC - Ballymakenny,,3,,,
3950_62947,7778020,D5,Colpe Road - Termonabbey,,3,,,
3950_62948,7778020,209A,City Centre - Pouladuff - Connolly Rd,,3,,,
3950_62949,7778020,215A,Mahon Point - Boreenmanna Rd - City,,3,,,
3950_62950,7778020,304X,Raheen - University of Limerick,,3,,,
3950_62951,7778020,207A,Merchants Quay - Glen Ave - Glenthorn,,3,,,
3950_62952,7778020,CW1,MSD - Tyndall College,,3,,,
3950_62953,7778020,CW2,Barrow Valley RPK - Business Park,,3,,,
3950_62954,7778020,D1,Drogheda - Laytown,,3,,,
3950_62955,7778020,D2,Drogheda - Coast Road - Laytown,,3,,,
3950_62956,7778020,226X,Kinsale - UCC,,3,,,
3950_62957,7778020,323X,Limerick - Birr - Athlone,,3,,,
3950_62958,7778020,305A,CC - St.Marys Park - CC,,3,,,
3950_62959,7778020,202A,Ringmahon - City - Hollyhill (Apple),,3,,,
3950_62960,7778020,225L,Carrigaline - NMCI,,3,,,
3950_62961,7778020,425A,Galway - Monivea - Mountbellew,,3,,,
3950_62962,7778020,360A,Waterford - WIT - Tramore,,3,,,
3950_62963,7778020,279A,Waterville - Caherciveen - Killarney,,3,,,
3950_62964,7778020,103X,Dublin - Ashbourne - Duleek - Navan,,3,,,
3950_62965,7778020,105X,UCD - M3 - Ratoath - Ashbourne,,3,,,
3950_62966,7778020,220X,Ovens - Carrigaline - Crosshaven,,3,,,
3950_62967,7778020,343X,Limerick - Ennis,,3,,,
3950_62968,7778020,101X,Wilton Tce - Drogheda - Termon Abbey,,3,,,
3950_62969,7778020,109B,Dublin - Dunshaughlin - Trim,,3,,,
3950_62970,7778020,245X,Busaras - Fermoy - Cork,,3,,,
3950_62971,7778020,109X,Dublin - Kells - Cavan Hourly Express,,3,,,
3950_62972,7778020,111A,Delvin - Granard - Cavan,,3,,,
3950_62973,7778020,111X,Dublin express - Athboy - Clonmellon,,3,,,
3950_62974,7778020,X30,Dublin - Donegal Express,,3,,,
3950_62975,7778020,223X,South Mall - Haulbowline,,3,,,
3950_62976,7778020,X32,Dublin - Letterkenny,,3,,,
3950_62977,7778020,A1,Bellanamulla - Station - Creggan,,3,,,
3950_62978,7778020,A2,Bellanamulla - Station - Creggan,,3,,,
3950_62979,7778020,304A,Raheen - Bus Station - UL,,3,,,
3950_62980,7778020,NX,Dublin Wilton Terrace - Navan,,3,,,
3951_63192,7778017,rail,Belfast - Dublin,,2,,,
3951_63193,7778017,rail,Dublin - Belfast,,2,,,
3951_63194,7778017,InterCity,Dublin - Cork,,2,,,
3951_63196,7778017,rail,Dublin - Tralee,,2,,,
3951_63198,7778017,rail,Dublin - Limerick,,2,,,
3951_63200,7778017,rail,Limerick - Galway,,2,,,
3951_63201,7778017,rail,Waterford - Limerick,,2,,,
3951_63202,7778017,rail,Limerick - Ballybrophy,,2,,,
3951_63205,7778017,rail,Dublin - Waterford,,2,,,
3951_63208,7778017,rail,Dublin - Europort,,2,,,
3951_63210,7778017,rail,Dublin - Westport,,2,,,
3951_63211,7778017,rail,Dublin - Galway,,2,,,
3951_63214,7778017,rail,Dublin - Sligo,,2,,,
3951_63216,7778017,Commuter,Dublin - Portlaoise,,2,,,
3951_63217,7778017,rail,Dublin - Maynooth,,2,,,
3951_63218,7778017,rail,Mallow - Cobh,,2,,,
3951_63219,7778017,rail,Dublin - Drogheda/Dundalk,,2,,,
3951_63220,7778017,DART,Bray - Howth,,2,,,
3951_63226,7778017,rail,Dublin - Limerick via Nenagh,,2,,,
3952_40571,7778013,393,Liberty Square Thurles - Gladstone Street Clonmel,,3,,,
3952_40572,7778013,394,Gladstone Street Clonmel - Liberty Square Thurles,,3,,,
3952_40573,7778013,395,"Templemore Town Hall - Nenagh, Nenagh",,3,,,
3952_40574,7778013,396,Liberty Square Thurles - Gladstone Street Clonmel,,3,,,
3952_40575,7778013,397,"Nenagh, Nenagh - Liberty Square Thurles",,3,,,
3952_40576,7778013,812,"Urlingford, Josephines Urlingford - Roscrea, Rosemary Square Roscrea",,3,,,
3952_62749,7778013,783,Dublin Airport - Terenure,,3,,,
3953_63237,7778171,183,Arklow - Sallins,,3,,,
3953_63238,7778171,800,"Arklow, Arklow Train Station - Carlow IT (Opp Main Entrance)",,3,,,
3953_63239,7778171,817C,"Carrick-on-Suir (Treacy Park Topaz) - Mullennaglogh, Grangemockler",,3,,,
3953_63240,7778171,885,Primary Health Care Centre - Sallins Rail Station,,3,,,
3953_63241,7778171,887,Carlow Train Station - New Ross The Quay,,3,,,
3953_63242,7778171,897,"Kilkenny, Ormond Road - Athy, Train Station",,3,,,
3954_63228,7778044,139,Blanchardstown - Naas,,3,,,
3955_63243,7778163,232,Allihies - Kilcrohane Church,,3,,,
3955_63244,7778163,245C,Mitchelstown - The Grand Hotel,,3,,,
3955_63245,7778163,253,"Kinsale, Town Car Park - Clonakilty, Clonakilty",,3,,,
3955_63246,7778163,254,Bandon - Glasslinn Road,,3,,,
3955_63247,7778163,522,Charleville - Mallow,,3,,,
3955_63248,7778163,523,"Mitchelstown, Dealz - Mallow, Mallow Train Station",,3,,,
3956_63249,7778166,171,Shercock - The Long Walk,,3,,,
3956_63250,7778166,176,Cavan - Monaghan,,3,,,
3956_63251,7778166,929,"Derryconnessy, Devine's Cross - Cavan Institute",,3,,,
3956_63252,7778166,C1,Ballyhaise - Butlersbridge - Cavan Town - Kilmore,,3,,,
3956_63253,7778166,C2,Cavan Hospital - Kilnaleck,,3,,,
3956_63254,7778166,C3,Redhills - Cavan Hospital,,3,,,
3956_63255,7778166,M1,Knockatallon - Monaghan Institute,,3,,,
3956_63256,7778166,M2,Castleblayney via Ballybay - Monaghan Institute,,3,,,
3956_63257,7778166,M3,"Mullan Village, Mullan Village - Dublin Road (Monaghan), Latlorcan",,3,,,
3957_63258,7778174,1426,"Stranorlar (Meeting House Street) - Brandon Park, Waterfront Filling Station",,3,,,
3957_63259,7778174,244,"Derry, Water Street - Main Street Moville",,3,,,
3957_63260,7778174,2529,"Quigley's Point, Tasty's Takeaway - The Diamond Carndonagh",,3,,,
3957_63261,7778174,264,Ballyshannon (Bus Station) - Letterkenny General Hospital,,3,,,
3957_63262,7778174,271,"Burtonport, Burtonport - Letterkenny, Ramelton Road",,3,,,
3957_63263,7778174,288,"Ballybofey, Ballybofey - Derry (Magee Campus Strand Road)",,3,,,
3957_63264,7778174,290,Ballybofey (McElhineys) - Letterkenny General Hospital,,3,,,
3957_63265,7778174,292,"Donegal, Donegal Abbey Hotel - Ballyshannon (Bus Station)",,3,,,
3957_63266,7778174,293,"An Clachan Gailf, Malinmore - Donegal, Donegal Abbey Hotel",,3,,,
3957_63267,7778174,300,"Ballylar, Ballylar Post Office - Letterkenny, Ramelton Road",,3,,,
3957_63268,7778174,563,Knappagh Road - Dromahair,,3,,,
3957_63269,7778174,564,"Ballinamore (AIB Main St) - Carrick-on-Shannon, Carrick On Shannon Coffee Shop",,3,,,
3957_63270,7778174,566,Sligo - Dowra,,3,,,
3957_63271,7778174,567,"Outside Train Station - Drumshanbo, Drumshanbo",,3,,,
3957_63272,7778174,567A,"Drumshanbo, Drumshanbo - Manorhamilton (New Line)",,3,,,
3957_63273,7778174,572,Ballinamore - Sligo,,3,,,
3957_63274,7778174,952,"The Diamond Carndonagh - Derry, Patrick Street",,3,,,
3957_63275,7778174,953,"Greencastle, Post Office - Letterkenny, Ramelton Road",,3,,,
3957_63276,7778174,954,"The Diamond Carndonagh - Ballyhillion, Malin Head Tower",,3,,,
3957_63277,7778174,955,"Buncrana, Buncrana - The Diamond Carndonagh",,3,,,
3957_63278,7778174,957,Shrove - Moville - Derry,,3,,,
3957_63279,7778174,966,"Paddy Og's Pub, Crolly - Dungloe (Sweeney's Hotel)",,3,,,
3957_63280,7778174,967,Fintown - Main Street,,3,,,
3957_63281,7778174,977,Castlerea - Sligo,,3,,,
3957_63282,7778174,981,Coolaney - Sligo,,3,,,
3957_63283,7778174,982,Sligo - Ballyshannon,,3,,,
3957_63284,7778174,983,Manorhamilton - Kinlough - Ballyshannon,,3,,,
3957_63285,7778174,987,"Lifford, Lifford - Letterkenny, ATU Donegal Letterkenny",,3,,,
3957_63286,7778174,988,"Cloghan (Donegal), Post Office - Letterkenny, Ramelton Road",,3,,,
3957_63287,7778174,989,"Carrigans (Post Office) - Letterkenny, Pearse Road Letterkenny",,3,,,
3957_63288,7778174,992,"Crolly, Crolly - Dungloe (Opp Sweeneys Hotel)",,3,,,
3957_63289,7778174,992A,"Crolly, Crolly - Ballymanus (Donegal), Donegal Airport",,3,,,
3957_63290,7778174,993,"Carrickart, Carrigart Hotel - Carrickart, Carrigart Hotel",,3,,,
3957_63291,7778174,994,"Portnoo - Donegal, Donegal Abbey Hotel",,3,,,
3957_63292,7778174,995,"Muff, Main Street - Buncrana, Buncrana",,3,,,
3958_63293,7778164,431,"Claremorris (Dalton St Hair Salon) - Carraroe, Carraroe",,3,,,
3958_63294,7778164,432,"Carraroe, Carraroe - Clifden, Clifden (Market Street)",,3,,,
3958_63295,7778164,438,Galway Cathedral - Vicar Street,,3,,,
3958_63296,7778164,546,"Castlerea, Castlerea Depot Railway Station - Ballinasloe, Portiuncula Hospital",,3,,,
3958_63297,7778164,547,Portumna - Ballinasloe,,3,,,
3958_63298,7778164,548,"Loughrea - Ballinasloe, Train Station",,3,,,
3958_63299,7778164,934,Market Square Gort - Beatty's Jewellers,,3,,,
3959_40502,7778000,660,Galway Coach Station - Dublin (Batchelors Walk),,3,,,
3959_40504,7778000,760,Galway Coach Station - Dublin Airport,,3,,,
3959_40505,7778000,761,Galway Coach Station - Dublin Airport,,3,,,
3959_40506,7778000,763X,Creagh (Opp Dubarry) - University Rd (Cathedral),,3,,,
3959_40507,7778000,763,"Galway City, Coach Station (Fairgreen Rd) - Dublin Airport",,3,,,
3959_54904,7778000,251X,"Galway City, Coach Station (Fairgreen Rd) - Cork, St. Patricks Quay",,3,,,
3959_54907,7778000,251,"Galway City, Coach Station (Fairgreen Rd) - Cork Airport",,3,,,
3959_57026,7778000,712X,Limerick City - Dublin Airport,,3,,,
3959_60539,7778000,923,"Galway City, Coach Station (Fairgreen Rd) - Olivers",,3,,,
3959_60542,7778000,721,Castlebar - Dublin Airport,,3,,,
3959_62552,7778000,720,Galway - Dublin Airport,,3,,,
3959_63369,7778000,707,Cork - Dublin Airport,,3,,,
3959_63370,7778000,430,Ballina (Dunnes Stores) - Galway Cathedral,,3,,,
3960_63310,7778312,129,Roseberry Hill - Avondale Drive,,3,,,
3960_63311,7778312,821,Newbridge - Sallins Rail Station,,3,,,
3960_63312,7778312,880,"Carlow, Carlow Coach Park - Naas (Post Office)",,3,,,
3960_63313,7778312,883,Leinster Street - Dunnes Newbridge,,3,,,
3961_63300,7778162,268,Dingle - Dingle,,3,,,
3961_63301,7778162,274,Tarbert - Denny Street,,3,,,
3961_63302,7778162,276,Castlemaine - Dingle,,3,,,
3961_63303,7778162,277A,Dingle - Kruger's Bar,,3,,,
3961_63304,7778162,277B,Dingle - Dingle,,3,,,
3961_63305,7778162,280,Waterville - Killorglin,,3,,,
3961_63306,7778162,281,Waterville - Kenmare,,3,,,
3961_63307,7778162,283,"Currans Community Centre - Tralee, Denny Street",,3,,,
3961_63308,7778162,287a,"Knightstown - Cahersiveen, Cahersiveen",,3,,,
3961_63309,7778162,287b,"Ballinskelligs, Ballinskelligs Community Hall - Cahersiveen, Cahersiveen",,3,,,
3962_63314,7778173,318,Hyde Rd PO - Friars Walk,,3,,,
3962_63315,7778173,335,"Ennis, Friars Walk - Kilrush, Turk's Bar",,3,,,
3962_63316,7778173,337,"Ennis, Friars Walk - Kilrush, Turk's Bar",,3,,,
3962_63317,7778173,339,"Kilrush, Aldi - Kilrush, Turk's Bar",,3,,,
3962_63318,7778173,342,O'Mara's General Store - Ennis Station,,3,,,
3962_63319,7778173,344,Lakyle National School - Ennis Station,,3,,,
3962_63320,7778173,521,Newcastlewest - Charleville,,3,,,
3962_63321,7778173,595,"Tarbert, Tarbert - Skagh (Limerick), Mid Western Regional Hospital",,3,,,
3963_63322,7778170,115D,Kildalkey - Trim,,3,,,
3963_63323,7778170,163,Newgrange VC - Drogheda MacBride Railway Station,,3,,,
3963_63324,7778170,188,"Kildalkey Road, Athboy Church Car Park - Drogheda, Hospital",,3,,,
3963_63325,7778170,189,Kennedy Road - Enfield,,3,,,
3963_63326,7778170,192,Swords - Balbriggan,,3,,,
3963_63327,7778170,195,"Balbriggan, Bus Stop at Train Station - Garda Station",,3,,,
3963_63328,7778170,196,Knocksedan - Swords,,3,,,
3964_63329,7778172,822,Mountrath - Tyndall College,,3,,,
3964_63330,7778172,823,Birr - Portlaoise,,3,,,
3964_63331,7778172,834,"Roscrea, Church - Kilminchy Avenue",,3,,,
3964_63332,7778172,840,"Banagher, Library - Tullamore (Offaly), O'Connor Square",,3,,,
3964_63333,7778172,850,Athlone Station - Abbey Street,,3,,,
3964_63334,7778172,858,Thurles - Portlaoise,,3,,,
3965_63335,7778165,426,Longford Station - Mart Road,,3,,,
3965_63336,7778165,570,"Boyle - Roscommon, Abbeytown",,3,,,
3965_63337,7778165,571,"Carrownanalt, Mining Experience Car Park - Boyle",,3,,,
3965_63338,7778165,819,Athlone Station - Belvedere House and Garden,,3,,,
3965_63339,7778165,865,Granard - Longford Main St,,3,,,
3965_63340,7778165,LR24,Ballymahon - St Mels Cathedral,,3,,,
3966_63341,7778161,454,Circular Road - Train Station,,3,,,
3966_63342,7778161,978,"Belmullet, Civic Offices - Hawthorn Village, Train Station",,3,,,
3967_63343,7778167,322,Portumna - Nenagh Station,,3,,,
3967_63344,7778167,391,"Semple Stadium, Thurles Train Station - Limerick, Limerick Arthur's Quay",,3,,,
3967_63345,7778167,828,Cashel - Laois Education Centre,,3,,,
3967_63346,7778167,854,"Roscrea, Roscrea Rail Station - Nenagh, Springfield Retail Park",,3,,,
3967_63347,7778167,855,"Limerick Junction, Bohercrowe - Limerick Junction, Bohercrowe",,3,,,
3967_63348,7778167,896,"The Commons - Brittas Road, LIT Tipperary",,3,,,
3967_63349,7778167,CL1,Crann Ard - Poppyfield Retail Park,,3,,,
3967_63350,7778167,CL2,Crann Ard - Ard Gaoithe Business Park,,3,,,
3967_63351,7778167,CL9,Crann Ard - Ard Gaoithe Business Park,,3,,,
3968_63352,7778168,356,Marlfield - Lord Maguires Pub,,3,,,
3968_63353,7778168,357,The Mall Youghal - Davitts Quay,,3,,,
3968_63354,7778168,358,"Ribh Road (Opp Ard na Gri) - Waterford, Clock Tower The Quay",,3,,,
3968_63355,7778168,361,Youghal - Dungarvan,,3,,,
3968_63356,7778168,363,Tallow - Dungarvan (Davitts Quay),,3,,,
3968_63357,7778168,364,"Tallow - Fermoy, Fermoy",,3,,,
3968_63358,7778168,367,Tramore - Dungarvan (Davitts Quay),,3,,,
3968_63359,7778168,667,Davitts Quay - Waterford Hospital,,3,,,
3969_63360,7778169,368,Enniscorthy - New Ross,,3,,,
3969_63361,7778169,369,Enniscorthy - Tullow,,3,,,
3969_63362,7778169,384,Wexford - Enniscorthy,,3,,,
3969_63363,7778169,387,Wexford - Rosslare Harbour,,3,,,
3969_63364,7778169,388,Bridgetown - Wexford (The Faythe),,3,,,
3969_63365,7778169,389,Poulshone - Gorey,,3,,,
3969_63366,7778169,392,Wellington Bridge - New Ross The Quay,,3,,,
3969_63367,7778169,399,Hook Head - Deerpark,,3,,,
3970_40618,7778066,501X,"Swords, Pavilions Shopping Centre - Dublin, Marlborough Street",,3,,,
3970_40622,7778066,504,"Rathingle, Boroimhe Estate - Dublin, Marlborough Street",,3,,,
3970_59686,7778066,500N,"Dublin, Eden Quay - Swords Manor Brackenstown Road Swords",,3,,,
3970_63368,7778066,500,Swords - Dublin City,,3,,,
3970_63371,7778066,507,Swords - Dublin City,,3,,,
3970_63372,7778066,505,"Rathingle, Rathingle Road - Dublin, Marlborough Street",,3,,,
3970_63373,7778066,500X,"Abbeyvale Brackenstown Road - Dublin, Marlborough Street",,3,,,
3970_63374,7778066,502,"Swords, Forest Road - Dublin, Marlborough Street",,3,,,
3970_63375,7778066,506X,"Broadmeadow, Miller's Glen - Dublin, Marlborough Street",,3,,,
3970_63376,7778066,503,Abbeyvale Brackenstown Road - Merrion Square South,,3,,,
3970_63377,7778066,501,"Swords, Pavilions Shopping Centre - Dublin, Marlborough Street",,3,,,
3970_63378,7778066,505X,"Dublin, Eden Quay - Malahide Road (Pavilions)",,3,,,
3970_63379,7778066,506,"Dublin, Eden Quay - Swords Manor Brackenstown Road Swords",,3,,,
